{
    "precision_at_k": 0.12488095238095238,
    "recall_at_k": 0.04941825194570194,
    "mean_average_precision": 0.1775512566137566,
    "mean_rmse": 1.947584629058838,
    "mean_ssim": 0.3506673044943893
}